[
{
  "pk": 1,
  "model": "backoffice.service",
  "fields": {
    "name": 0,
    "description": "IAAS"
  }
},
{
  "pk": 2,
  "model": "backoffice.service",
  "fields": {
    "name": 1,
    "description": "PAAS"
  }
},
{
  "pk": 3,
  "model": "backoffice.service",
  "fields": {
    "name": 2,
    "description": "Site"
  }
},
{
  "pk": 4,
  "model": "backoffice.service",
  "fields": {
    "name": 3,
    "description": "API"
  }
},
{
  "pk": 5,
  "model": "backoffice.service",
  "fields": {
    "name": 4,
    "description": "SSL"
  }
},
{
  "pk": 6,
  "model": "backoffice.service",
  "fields": {
    "name": 5,
    "description": "Domain"
  }
},
{
  "pk": 7,
  "model": "backoffice.service",
  "fields": {
    "name": 6,
    "description": "Email"
  }
},
{
  "pk": 1,
  "model": "backoffice.event",
  "fields": {
    "category": 0,
    "estimate_date_end": "2014-02-15T21:00:00Z",
    "title": "New Release: db alter",
    "date_end": "2014-02-15T21:30:00Z",
    "date_start": "2014-02-15T19:00:00Z",
    "last_update": "2014-02-15T21:30:00Z",
    "msg": null,
    "services": [
      3,
      4
    ],
    "duration": 150,
    "summary": "need to do some change in the db\r\n"
  }
},
{
  "pk": 2,
  "model": "backoffice.event",
  "fields": {
    "category": 1,
    "estimate_date_end": "2014-03-02T00:24:00Z",
    "title": "Filer Down",
    "date_end": "2014-03-02T00:24:00Z",
    "date_start": "2014-03-01T23:42:00Z",
    "last_update": "2014-03-02T00:24:00Z",
    "msg": null,
    "services": [
      5,
      6,
      7
    ],
    "duration": 42,
    "summary": ""
  }
},
{
  "pk": 3,
  "model": "backoffice.event",
  "fields": {
    "category": 1,
    "estimate_date_end": "2014-03-02T00:20:00Z",
    "title": "DNS",
    "date_end": "2014-03-02T00:20:00Z",
    "date_start": "2014-03-02T00:00:00Z",
    "last_update": "2014-03-02T00:20:00Z",
    "msg": null,
    "services": [
      1,
      2
    ],
    "duration": 20,
    "summary": "probleme with the dns server "
  }
},
{
  "pk": 4,
  "model": "backoffice.event",
  "fields": {
    "category": 0,
    "estimate_date_end": "2014-02-02T17:00:00Z",
    "title": "Update server",
    "date_end": "2014-02-02T17:00:00Z",
    "date_start": "2014-02-02T15:00:00Z",
    "last_update": "2014-02-02T17:00:00Z",
    "msg": null,
    "services": [
      1,
      2
    ],
    "duration": 120,
    "summary": "update the server:\r\n1 , 2, 3"
  }
},
{
  "pk": 5,
  "model": "backoffice.event",
  "fields": {
    "category": 0,
    "estimate_date_end": "2014-02-02T17:00:00Z",
    "title": "Update server v2",
    "date_end": "2014-02-02T17:00:00Z",
    "date_start": "2014-02-02T15:00:00Z",
    "last_update": "2014-02-02T17:00:00Z",
    "msg": null,
    "services": [
      1
    ],
    "duration": 120,
    "summary": "update the server:\r\n1 , 2, 3"
  }
},
{
  "pk": 6,
  "model": "backoffice.event",
  "fields": {
    "category": 0,
    "estimate_date_end": "2014-02-02T17:00:00Z",
    "title": "Update server v3",
    "date_end": "2014-02-02T17:00:00Z",
    "date_start": "2014-02-02T15:00:00Z",
    "last_update": "2014-02-02T17:00:00Z",
    "msg": null,
    "services": [
      2
    ],
    "duration": 120,
    "summary": "update the server:\r\n1 , 2, 3"
  }
},
{
  "pk": 1,
  "model": "backoffice.eventlog",
  "fields": {
    "date": "2014-02-02T15:30:00Z",
    "comment": "server 1 done\r\n2 more to do\r\n",
    "event": 4,
    "msg": null,
    "user": 1
  }
},
{
  "pk": 2,
  "model": "backoffice.eventlog",
  "fields": {
    "date": "2014-02-02T16:15:00Z",
    "comment": "server 2 done\r\n1 more to do\r\n",
    "event": 4,
    "msg": null,
    "user": 1
  }
},
{
  "pk": 3,
  "model": "backoffice.eventlog",
  "fields": {
    "date": "2014-02-02T17:05:00Z",
    "comment": "Everything done as planned",
    "event": 4,
    "msg": null,
    "user": 1
  }
},
{
  "pk": 4,
  "model": "backoffice.eventlog",
  "fields": {
    "date": "2014-02-15T20:00:00Z",
    "comment": "everthing's is gooing as plannde for the moment",
    "event": 1,
    "msg": null,
    "user": 1
  }
},
{
  "pk": 5,
  "model": "backoffice.eventlog",
  "fields": {
    "date": "2014-02-15T20:15:00Z",
    "comment": "Someting went wrong it might take more time that planned\r\n",
    "event": 1,
    "msg": null,
    "user": 1
  }
},
{
  "pk": 6,
  "model": "backoffice.eventlog",
  "fields": {
    "date": "2014-02-15T21:30:00Z",
    "comment": "ok it's done",
    "event": 1,
    "msg": null,
    "user": 1
  }
},
{
  "pk": 7,
  "model": "backoffice.eventlog",
  "fields": {
    "date": "2014-03-01T23:52:00Z",
    "comment": "half of it is back",
    "event": 2,
    "msg": null,
    "user": 1
  }
},
{
  "pk": 8,
  "model": "backoffice.eventlog",
  "fields": {
    "date": "2014-03-02T00:10:00Z",
    "comment": "it will be fixed in time",
    "event": 3,
    "msg": null,
    "user": 1
  }
},
{
  "pk": 9,
  "model": "backoffice.eventlog",
  "fields": {
    "date": "2014-03-02T00:20:00Z",
    "comment": "it's fixed",
    "event": 3,
    "msg": null,
    "user": 1
  }
},
{
  "pk": 10,
  "model": "backoffice.eventlog",
  "fields": {
    "date": "2014-03-02T00:24:00Z",
    "comment": "is now up",
    "event": 2,
    "msg": null,
    "user": 1
  }
},
{
  "pk": 1,
  "model": "backoffice.timezoneenum",
  "fields": {
    "name": "Africa/Abidjan"
  }
},
{
  "pk": 2,
  "model": "backoffice.timezoneenum",
  "fields": {
    "name": "Africa/Accra"
  }
},
{
  "pk": 3,
  "model": "backoffice.timezoneenum",
  "fields": {
    "name": "Africa/Addis_Ababa"
  }
},
{
  "pk": 4,
  "model": "backoffice.timezoneenum",
  "fields": {
    "name": "Africa/Algiers"
  }
},
{
  "pk": 5,
  "model": "backoffice.timezoneenum",
  "fields": {
    "name": "Africa/Asmara"
  }
},
{
  "pk": 6,
  "model": "backoffice.timezoneenum",
  "fields": {
    "name": "Africa/Bamako"
  }
},
{
  "pk": 7,
  "model": "backoffice.timezoneenum",
  "fields": {
    "name": "Africa/Bangui"
  }
},
{
  "pk": 8,
  "model": "backoffice.timezoneenum",
  "fields": {
    "name": "Africa/Banjul"
  }
},
{
  "pk": 9,
  "model": "backoffice.timezoneenum",
  "fields": {
    "name": "Africa/Bissau"
  }
},
{
  "pk": 10,
  "model": "backoffice.timezoneenum",
  "fields": {
    "name": "Africa/Blantyre"
  }
},
{
  "pk": 11,
  "model": "backoffice.timezoneenum",
  "fields": {
    "name": "Africa/Brazzaville"
  }
},
{
  "pk": 12,
  "model": "backoffice.timezoneenum",
  "fields": {
    "name": "Africa/Bujumbura"
  }
},
{
  "pk": 13,
  "model": "backoffice.timezoneenum",
  "fields": {
    "name": "Africa/Cairo"
  }
},
{
  "pk": 14,
  "model": "backoffice.timezoneenum",
  "fields": {
    "name": "Africa/Casablanca"
  }
},
{
  "pk": 15,
  "model": "backoffice.timezoneenum",
  "fields": {
    "name": "Africa/Ceuta"
  }
},
{
  "pk": 16,
  "model": "backoffice.timezoneenum",
  "fields": {
    "name": "Africa/Conakry"
  }
},
{
  "pk": 17,
  "model": "backoffice.timezoneenum",
  "fields": {
    "name": "Africa/Dakar"
  }
},
{
  "pk": 18,
  "model": "backoffice.timezoneenum",
  "fields": {
    "name": "Africa/Dar_es_Salaam"
  }
},
{
  "pk": 19,
  "model": "backoffice.timezoneenum",
  "fields": {
    "name": "Africa/Djibouti"
  }
},
{
  "pk": 20,
  "model": "backoffice.timezoneenum",
  "fields": {
    "name": "Africa/Douala"
  }
},
{
  "pk": 21,
  "model": "backoffice.timezoneenum",
  "fields": {
    "name": "Africa/El_Aaiun"
  }
},
{
  "pk": 22,
  "model": "backoffice.timezoneenum",
  "fields": {
    "name": "Africa/Freetown"
  }
},
{
  "pk": 23,
  "model": "backoffice.timezoneenum",
  "fields": {
    "name": "Africa/Gaborone"
  }
},
{
  "pk": 24,
  "model": "backoffice.timezoneenum",
  "fields": {
    "name": "Africa/Harare"
  }
},
{
  "pk": 25,
  "model": "backoffice.timezoneenum",
  "fields": {
    "name": "Africa/Johannesburg"
  }
},
{
  "pk": 26,
  "model": "backoffice.timezoneenum",
  "fields": {
    "name": "Africa/Juba"
  }
},
{
  "pk": 27,
  "model": "backoffice.timezoneenum",
  "fields": {
    "name": "Africa/Kampala"
  }
},
{
  "pk": 28,
  "model": "backoffice.timezoneenum",
  "fields": {
    "name": "Africa/Khartoum"
  }
},
{
  "pk": 29,
  "model": "backoffice.timezoneenum",
  "fields": {
    "name": "Africa/Kigali"
  }
},
{
  "pk": 30,
  "model": "backoffice.timezoneenum",
  "fields": {
    "name": "Africa/Kinshasa"
  }
},
{
  "pk": 31,
  "model": "backoffice.timezoneenum",
  "fields": {
    "name": "Africa/Lagos"
  }
},
{
  "pk": 32,
  "model": "backoffice.timezoneenum",
  "fields": {
    "name": "Africa/Libreville"
  }
},
{
  "pk": 33,
  "model": "backoffice.timezoneenum",
  "fields": {
    "name": "Africa/Lome"
  }
},
{
  "pk": 34,
  "model": "backoffice.timezoneenum",
  "fields": {
    "name": "Africa/Luanda"
  }
},
{
  "pk": 35,
  "model": "backoffice.timezoneenum",
  "fields": {
    "name": "Africa/Lubumbashi"
  }
},
{
  "pk": 36,
  "model": "backoffice.timezoneenum",
  "fields": {
    "name": "Africa/Lusaka"
  }
},
{
  "pk": 37,
  "model": "backoffice.timezoneenum",
  "fields": {
    "name": "Africa/Malabo"
  }
},
{
  "pk": 38,
  "model": "backoffice.timezoneenum",
  "fields": {
    "name": "Africa/Maputo"
  }
},
{
  "pk": 39,
  "model": "backoffice.timezoneenum",
  "fields": {
    "name": "Africa/Maseru"
  }
},
{
  "pk": 40,
  "model": "backoffice.timezoneenum",
  "fields": {
    "name": "Africa/Mbabane"
  }
},
{
  "pk": 41,
  "model": "backoffice.timezoneenum",
  "fields": {
    "name": "Africa/Mogadishu"
  }
},
{
  "pk": 42,
  "model": "backoffice.timezoneenum",
  "fields": {
    "name": "Africa/Monrovia"
  }
},
{
  "pk": 43,
  "model": "backoffice.timezoneenum",
  "fields": {
    "name": "Africa/Nairobi"
  }
},
{
  "pk": 44,
  "model": "backoffice.timezoneenum",
  "fields": {
    "name": "Africa/Ndjamena"
  }
},
{
  "pk": 45,
  "model": "backoffice.timezoneenum",
  "fields": {
    "name": "Africa/Niamey"
  }
},
{
  "pk": 46,
  "model": "backoffice.timezoneenum",
  "fields": {
    "name": "Africa/Nouakchott"
  }
},
{
  "pk": 47,
  "model": "backoffice.timezoneenum",
  "fields": {
    "name": "Africa/Ouagadougou"
  }
},
{
  "pk": 48,
  "model": "backoffice.timezoneenum",
  "fields": {
    "name": "Africa/Porto-Novo"
  }
},
{
  "pk": 49,
  "model": "backoffice.timezoneenum",
  "fields": {
    "name": "Africa/Sao_Tome"
  }
},
{
  "pk": 50,
  "model": "backoffice.timezoneenum",
  "fields": {
    "name": "Africa/Tripoli"
  }
},
{
  "pk": 51,
  "model": "backoffice.timezoneenum",
  "fields": {
    "name": "Africa/Tunis"
  }
},
{
  "pk": 52,
  "model": "backoffice.timezoneenum",
  "fields": {
    "name": "Africa/Windhoek"
  }
},
{
  "pk": 53,
  "model": "backoffice.timezoneenum",
  "fields": {
    "name": "America/Adak"
  }
},
{
  "pk": 54,
  "model": "backoffice.timezoneenum",
  "fields": {
    "name": "America/Anchorage"
  }
},
{
  "pk": 55,
  "model": "backoffice.timezoneenum",
  "fields": {
    "name": "America/Anguilla"
  }
},
{
  "pk": 56,
  "model": "backoffice.timezoneenum",
  "fields": {
    "name": "America/Antigua"
  }
},
{
  "pk": 57,
  "model": "backoffice.timezoneenum",
  "fields": {
    "name": "America/Araguaina"
  }
},
{
  "pk": 58,
  "model": "backoffice.timezoneenum",
  "fields": {
    "name": "America/Argentina/Buenos_Aires"
  }
},
{
  "pk": 59,
  "model": "backoffice.timezoneenum",
  "fields": {
    "name": "America/Argentina/Catamarca"
  }
},
{
  "pk": 60,
  "model": "backoffice.timezoneenum",
  "fields": {
    "name": "America/Argentina/Cordoba"
  }
},
{
  "pk": 61,
  "model": "backoffice.timezoneenum",
  "fields": {
    "name": "America/Argentina/Jujuy"
  }
},
{
  "pk": 62,
  "model": "backoffice.timezoneenum",
  "fields": {
    "name": "America/Argentina/La_Rioja"
  }
},
{
  "pk": 63,
  "model": "backoffice.timezoneenum",
  "fields": {
    "name": "America/Argentina/Mendoza"
  }
},
{
  "pk": 64,
  "model": "backoffice.timezoneenum",
  "fields": {
    "name": "America/Argentina/Rio_Gallegos"
  }
},
{
  "pk": 65,
  "model": "backoffice.timezoneenum",
  "fields": {
    "name": "America/Argentina/Salta"
  }
},
{
  "pk": 66,
  "model": "backoffice.timezoneenum",
  "fields": {
    "name": "America/Argentina/San_Juan"
  }
},
{
  "pk": 67,
  "model": "backoffice.timezoneenum",
  "fields": {
    "name": "America/Argentina/San_Luis"
  }
},
{
  "pk": 68,
  "model": "backoffice.timezoneenum",
  "fields": {
    "name": "America/Argentina/Tucuman"
  }
},
{
  "pk": 69,
  "model": "backoffice.timezoneenum",
  "fields": {
    "name": "America/Argentina/Ushuaia"
  }
},
{
  "pk": 70,
  "model": "backoffice.timezoneenum",
  "fields": {
    "name": "America/Aruba"
  }
},
{
  "pk": 71,
  "model": "backoffice.timezoneenum",
  "fields": {
    "name": "America/Asuncion"
  }
},
{
  "pk": 72,
  "model": "backoffice.timezoneenum",
  "fields": {
    "name": "America/Atikokan"
  }
},
{
  "pk": 73,
  "model": "backoffice.timezoneenum",
  "fields": {
    "name": "America/Bahia"
  }
},
{
  "pk": 74,
  "model": "backoffice.timezoneenum",
  "fields": {
    "name": "America/Bahia_Banderas"
  }
},
{
  "pk": 75,
  "model": "backoffice.timezoneenum",
  "fields": {
    "name": "America/Barbados"
  }
},
{
  "pk": 76,
  "model": "backoffice.timezoneenum",
  "fields": {
    "name": "America/Belem"
  }
},
{
  "pk": 77,
  "model": "backoffice.timezoneenum",
  "fields": {
    "name": "America/Belize"
  }
},
{
  "pk": 78,
  "model": "backoffice.timezoneenum",
  "fields": {
    "name": "America/Blanc-Sablon"
  }
},
{
  "pk": 79,
  "model": "backoffice.timezoneenum",
  "fields": {
    "name": "America/Boa_Vista"
  }
},
{
  "pk": 80,
  "model": "backoffice.timezoneenum",
  "fields": {
    "name": "America/Bogota"
  }
},
{
  "pk": 81,
  "model": "backoffice.timezoneenum",
  "fields": {
    "name": "America/Boise"
  }
},
{
  "pk": 82,
  "model": "backoffice.timezoneenum",
  "fields": {
    "name": "America/Cambridge_Bay"
  }
},
{
  "pk": 83,
  "model": "backoffice.timezoneenum",
  "fields": {
    "name": "America/Campo_Grande"
  }
},
{
  "pk": 84,
  "model": "backoffice.timezoneenum",
  "fields": {
    "name": "America/Cancun"
  }
},
{
  "pk": 85,
  "model": "backoffice.timezoneenum",
  "fields": {
    "name": "America/Caracas"
  }
},
{
  "pk": 86,
  "model": "backoffice.timezoneenum",
  "fields": {
    "name": "America/Cayenne"
  }
},
{
  "pk": 87,
  "model": "backoffice.timezoneenum",
  "fields": {
    "name": "America/Cayman"
  }
},
{
  "pk": 88,
  "model": "backoffice.timezoneenum",
  "fields": {
    "name": "America/Chicago"
  }
},
{
  "pk": 89,
  "model": "backoffice.timezoneenum",
  "fields": {
    "name": "America/Chihuahua"
  }
},
{
  "pk": 90,
  "model": "backoffice.timezoneenum",
  "fields": {
    "name": "America/Costa_Rica"
  }
},
{
  "pk": 91,
  "model": "backoffice.timezoneenum",
  "fields": {
    "name": "America/Creston"
  }
},
{
  "pk": 92,
  "model": "backoffice.timezoneenum",
  "fields": {
    "name": "America/Cuiaba"
  }
},
{
  "pk": 93,
  "model": "backoffice.timezoneenum",
  "fields": {
    "name": "America/Curacao"
  }
},
{
  "pk": 94,
  "model": "backoffice.timezoneenum",
  "fields": {
    "name": "America/Danmarkshavn"
  }
},
{
  "pk": 95,
  "model": "backoffice.timezoneenum",
  "fields": {
    "name": "America/Dawson"
  }
},
{
  "pk": 96,
  "model": "backoffice.timezoneenum",
  "fields": {
    "name": "America/Dawson_Creek"
  }
},
{
  "pk": 97,
  "model": "backoffice.timezoneenum",
  "fields": {
    "name": "America/Denver"
  }
},
{
  "pk": 98,
  "model": "backoffice.timezoneenum",
  "fields": {
    "name": "America/Detroit"
  }
},
{
  "pk": 99,
  "model": "backoffice.timezoneenum",
  "fields": {
    "name": "America/Dominica"
  }
},
{
  "pk": 100,
  "model": "backoffice.timezoneenum",
  "fields": {
    "name": "America/Edmonton"
  }
},
{
  "pk": 101,
  "model": "backoffice.timezoneenum",
  "fields": {
    "name": "America/Eirunepe"
  }
},
{
  "pk": 102,
  "model": "backoffice.timezoneenum",
  "fields": {
    "name": "America/El_Salvador"
  }
},
{
  "pk": 103,
  "model": "backoffice.timezoneenum",
  "fields": {
    "name": "America/Fortaleza"
  }
},
{
  "pk": 104,
  "model": "backoffice.timezoneenum",
  "fields": {
    "name": "America/Glace_Bay"
  }
},
{
  "pk": 105,
  "model": "backoffice.timezoneenum",
  "fields": {
    "name": "America/Godthab"
  }
},
{
  "pk": 106,
  "model": "backoffice.timezoneenum",
  "fields": {
    "name": "America/Goose_Bay"
  }
},
{
  "pk": 107,
  "model": "backoffice.timezoneenum",
  "fields": {
    "name": "America/Grand_Turk"
  }
},
{
  "pk": 108,
  "model": "backoffice.timezoneenum",
  "fields": {
    "name": "America/Grenada"
  }
},
{
  "pk": 109,
  "model": "backoffice.timezoneenum",
  "fields": {
    "name": "America/Guadeloupe"
  }
},
{
  "pk": 110,
  "model": "backoffice.timezoneenum",
  "fields": {
    "name": "America/Guatemala"
  }
},
{
  "pk": 111,
  "model": "backoffice.timezoneenum",
  "fields": {
    "name": "America/Guayaquil"
  }
},
{
  "pk": 112,
  "model": "backoffice.timezoneenum",
  "fields": {
    "name": "America/Guyana"
  }
},
{
  "pk": 113,
  "model": "backoffice.timezoneenum",
  "fields": {
    "name": "America/Halifax"
  }
},
{
  "pk": 114,
  "model": "backoffice.timezoneenum",
  "fields": {
    "name": "America/Havana"
  }
},
{
  "pk": 115,
  "model": "backoffice.timezoneenum",
  "fields": {
    "name": "America/Hermosillo"
  }
},
{
  "pk": 116,
  "model": "backoffice.timezoneenum",
  "fields": {
    "name": "America/Indiana/Indianapolis"
  }
},
{
  "pk": 117,
  "model": "backoffice.timezoneenum",
  "fields": {
    "name": "America/Indiana/Knox"
  }
},
{
  "pk": 118,
  "model": "backoffice.timezoneenum",
  "fields": {
    "name": "America/Indiana/Marengo"
  }
},
{
  "pk": 119,
  "model": "backoffice.timezoneenum",
  "fields": {
    "name": "America/Indiana/Petersburg"
  }
},
{
  "pk": 120,
  "model": "backoffice.timezoneenum",
  "fields": {
    "name": "America/Indiana/Tell_City"
  }
},
{
  "pk": 121,
  "model": "backoffice.timezoneenum",
  "fields": {
    "name": "America/Indiana/Vevay"
  }
},
{
  "pk": 122,
  "model": "backoffice.timezoneenum",
  "fields": {
    "name": "America/Indiana/Vincennes"
  }
},
{
  "pk": 123,
  "model": "backoffice.timezoneenum",
  "fields": {
    "name": "America/Indiana/Winamac"
  }
},
{
  "pk": 124,
  "model": "backoffice.timezoneenum",
  "fields": {
    "name": "America/Inuvik"
  }
},
{
  "pk": 125,
  "model": "backoffice.timezoneenum",
  "fields": {
    "name": "America/Iqaluit"
  }
},
{
  "pk": 126,
  "model": "backoffice.timezoneenum",
  "fields": {
    "name": "America/Jamaica"
  }
},
{
  "pk": 127,
  "model": "backoffice.timezoneenum",
  "fields": {
    "name": "America/Juneau"
  }
},
{
  "pk": 128,
  "model": "backoffice.timezoneenum",
  "fields": {
    "name": "America/Kentucky/Louisville"
  }
},
{
  "pk": 129,
  "model": "backoffice.timezoneenum",
  "fields": {
    "name": "America/Kentucky/Monticello"
  }
},
{
  "pk": 130,
  "model": "backoffice.timezoneenum",
  "fields": {
    "name": "America/Kralendijk"
  }
},
{
  "pk": 131,
  "model": "backoffice.timezoneenum",
  "fields": {
    "name": "America/La_Paz"
  }
},
{
  "pk": 132,
  "model": "backoffice.timezoneenum",
  "fields": {
    "name": "America/Lima"
  }
},
{
  "pk": 133,
  "model": "backoffice.timezoneenum",
  "fields": {
    "name": "America/Los_Angeles"
  }
},
{
  "pk": 134,
  "model": "backoffice.timezoneenum",
  "fields": {
    "name": "America/Lower_Princes"
  }
},
{
  "pk": 135,
  "model": "backoffice.timezoneenum",
  "fields": {
    "name": "America/Maceio"
  }
},
{
  "pk": 136,
  "model": "backoffice.timezoneenum",
  "fields": {
    "name": "America/Managua"
  }
},
{
  "pk": 137,
  "model": "backoffice.timezoneenum",
  "fields": {
    "name": "America/Manaus"
  }
},
{
  "pk": 138,
  "model": "backoffice.timezoneenum",
  "fields": {
    "name": "America/Marigot"
  }
},
{
  "pk": 139,
  "model": "backoffice.timezoneenum",
  "fields": {
    "name": "America/Martinique"
  }
},
{
  "pk": 140,
  "model": "backoffice.timezoneenum",
  "fields": {
    "name": "America/Matamoros"
  }
},
{
  "pk": 141,
  "model": "backoffice.timezoneenum",
  "fields": {
    "name": "America/Mazatlan"
  }
},
{
  "pk": 142,
  "model": "backoffice.timezoneenum",
  "fields": {
    "name": "America/Menominee"
  }
},
{
  "pk": 143,
  "model": "backoffice.timezoneenum",
  "fields": {
    "name": "America/Merida"
  }
},
{
  "pk": 144,
  "model": "backoffice.timezoneenum",
  "fields": {
    "name": "America/Metlakatla"
  }
},
{
  "pk": 145,
  "model": "backoffice.timezoneenum",
  "fields": {
    "name": "America/Mexico_City"
  }
},
{
  "pk": 146,
  "model": "backoffice.timezoneenum",
  "fields": {
    "name": "America/Miquelon"
  }
},
{
  "pk": 147,
  "model": "backoffice.timezoneenum",
  "fields": {
    "name": "America/Moncton"
  }
},
{
  "pk": 148,
  "model": "backoffice.timezoneenum",
  "fields": {
    "name": "America/Monterrey"
  }
},
{
  "pk": 149,
  "model": "backoffice.timezoneenum",
  "fields": {
    "name": "America/Montevideo"
  }
},
{
  "pk": 150,
  "model": "backoffice.timezoneenum",
  "fields": {
    "name": "America/Montreal"
  }
},
{
  "pk": 151,
  "model": "backoffice.timezoneenum",
  "fields": {
    "name": "America/Montserrat"
  }
},
{
  "pk": 152,
  "model": "backoffice.timezoneenum",
  "fields": {
    "name": "America/Nassau"
  }
},
{
  "pk": 153,
  "model": "backoffice.timezoneenum",
  "fields": {
    "name": "America/New_York"
  }
},
{
  "pk": 154,
  "model": "backoffice.timezoneenum",
  "fields": {
    "name": "America/Nipigon"
  }
},
{
  "pk": 155,
  "model": "backoffice.timezoneenum",
  "fields": {
    "name": "America/Nome"
  }
},
{
  "pk": 156,
  "model": "backoffice.timezoneenum",
  "fields": {
    "name": "America/Noronha"
  }
},
{
  "pk": 157,
  "model": "backoffice.timezoneenum",
  "fields": {
    "name": "America/North_Dakota/Beulah"
  }
},
{
  "pk": 158,
  "model": "backoffice.timezoneenum",
  "fields": {
    "name": "America/North_Dakota/Center"
  }
},
{
  "pk": 159,
  "model": "backoffice.timezoneenum",
  "fields": {
    "name": "America/North_Dakota/New_Salem"
  }
},
{
  "pk": 160,
  "model": "backoffice.timezoneenum",
  "fields": {
    "name": "America/Ojinaga"
  }
},
{
  "pk": 161,
  "model": "backoffice.timezoneenum",
  "fields": {
    "name": "America/Panama"
  }
},
{
  "pk": 162,
  "model": "backoffice.timezoneenum",
  "fields": {
    "name": "America/Pangnirtung"
  }
},
{
  "pk": 163,
  "model": "backoffice.timezoneenum",
  "fields": {
    "name": "America/Paramaribo"
  }
},
{
  "pk": 164,
  "model": "backoffice.timezoneenum",
  "fields": {
    "name": "America/Phoenix"
  }
},
{
  "pk": 165,
  "model": "backoffice.timezoneenum",
  "fields": {
    "name": "America/Port-au-Prince"
  }
},
{
  "pk": 166,
  "model": "backoffice.timezoneenum",
  "fields": {
    "name": "America/Port_of_Spain"
  }
},
{
  "pk": 167,
  "model": "backoffice.timezoneenum",
  "fields": {
    "name": "America/Porto_Velho"
  }
},
{
  "pk": 168,
  "model": "backoffice.timezoneenum",
  "fields": {
    "name": "America/Puerto_Rico"
  }
},
{
  "pk": 169,
  "model": "backoffice.timezoneenum",
  "fields": {
    "name": "America/Rainy_River"
  }
},
{
  "pk": 170,
  "model": "backoffice.timezoneenum",
  "fields": {
    "name": "America/Rankin_Inlet"
  }
},
{
  "pk": 171,
  "model": "backoffice.timezoneenum",
  "fields": {
    "name": "America/Recife"
  }
},
{
  "pk": 172,
  "model": "backoffice.timezoneenum",
  "fields": {
    "name": "America/Regina"
  }
},
{
  "pk": 173,
  "model": "backoffice.timezoneenum",
  "fields": {
    "name": "America/Resolute"
  }
},
{
  "pk": 174,
  "model": "backoffice.timezoneenum",
  "fields": {
    "name": "America/Rio_Branco"
  }
},
{
  "pk": 175,
  "model": "backoffice.timezoneenum",
  "fields": {
    "name": "America/Santa_Isabel"
  }
},
{
  "pk": 176,
  "model": "backoffice.timezoneenum",
  "fields": {
    "name": "America/Santarem"
  }
},
{
  "pk": 177,
  "model": "backoffice.timezoneenum",
  "fields": {
    "name": "America/Santiago"
  }
},
{
  "pk": 178,
  "model": "backoffice.timezoneenum",
  "fields": {
    "name": "America/Santo_Domingo"
  }
},
{
  "pk": 179,
  "model": "backoffice.timezoneenum",
  "fields": {
    "name": "America/Sao_Paulo"
  }
},
{
  "pk": 180,
  "model": "backoffice.timezoneenum",
  "fields": {
    "name": "America/Scoresbysund"
  }
},
{
  "pk": 181,
  "model": "backoffice.timezoneenum",
  "fields": {
    "name": "America/Sitka"
  }
},
{
  "pk": 182,
  "model": "backoffice.timezoneenum",
  "fields": {
    "name": "America/St_Barthelemy"
  }
},
{
  "pk": 183,
  "model": "backoffice.timezoneenum",
  "fields": {
    "name": "America/St_Johns"
  }
},
{
  "pk": 184,
  "model": "backoffice.timezoneenum",
  "fields": {
    "name": "America/St_Kitts"
  }
},
{
  "pk": 185,
  "model": "backoffice.timezoneenum",
  "fields": {
    "name": "America/St_Lucia"
  }
},
{
  "pk": 186,
  "model": "backoffice.timezoneenum",
  "fields": {
    "name": "America/St_Thomas"
  }
},
{
  "pk": 187,
  "model": "backoffice.timezoneenum",
  "fields": {
    "name": "America/St_Vincent"
  }
},
{
  "pk": 188,
  "model": "backoffice.timezoneenum",
  "fields": {
    "name": "America/Swift_Current"
  }
},
{
  "pk": 189,
  "model": "backoffice.timezoneenum",
  "fields": {
    "name": "America/Tegucigalpa"
  }
},
{
  "pk": 190,
  "model": "backoffice.timezoneenum",
  "fields": {
    "name": "America/Thule"
  }
},
{
  "pk": 191,
  "model": "backoffice.timezoneenum",
  "fields": {
    "name": "America/Thunder_Bay"
  }
},
{
  "pk": 192,
  "model": "backoffice.timezoneenum",
  "fields": {
    "name": "America/Tijuana"
  }
},
{
  "pk": 193,
  "model": "backoffice.timezoneenum",
  "fields": {
    "name": "America/Toronto"
  }
},
{
  "pk": 194,
  "model": "backoffice.timezoneenum",
  "fields": {
    "name": "America/Tortola"
  }
},
{
  "pk": 195,
  "model": "backoffice.timezoneenum",
  "fields": {
    "name": "America/Vancouver"
  }
},
{
  "pk": 196,
  "model": "backoffice.timezoneenum",
  "fields": {
    "name": "America/Whitehorse"
  }
},
{
  "pk": 197,
  "model": "backoffice.timezoneenum",
  "fields": {
    "name": "America/Winnipeg"
  }
},
{
  "pk": 198,
  "model": "backoffice.timezoneenum",
  "fields": {
    "name": "America/Yakutat"
  }
},
{
  "pk": 199,
  "model": "backoffice.timezoneenum",
  "fields": {
    "name": "America/Yellowknife"
  }
},
{
  "pk": 200,
  "model": "backoffice.timezoneenum",
  "fields": {
    "name": "Antarctica/Casey"
  }
},
{
  "pk": 201,
  "model": "backoffice.timezoneenum",
  "fields": {
    "name": "Antarctica/Davis"
  }
},
{
  "pk": 202,
  "model": "backoffice.timezoneenum",
  "fields": {
    "name": "Antarctica/DumontDUrville"
  }
},
{
  "pk": 203,
  "model": "backoffice.timezoneenum",
  "fields": {
    "name": "Antarctica/Macquarie"
  }
},
{
  "pk": 204,
  "model": "backoffice.timezoneenum",
  "fields": {
    "name": "Antarctica/Mawson"
  }
},
{
  "pk": 205,
  "model": "backoffice.timezoneenum",
  "fields": {
    "name": "Antarctica/McMurdo"
  }
},
{
  "pk": 206,
  "model": "backoffice.timezoneenum",
  "fields": {
    "name": "Antarctica/Palmer"
  }
},
{
  "pk": 207,
  "model": "backoffice.timezoneenum",
  "fields": {
    "name": "Antarctica/Rothera"
  }
},
{
  "pk": 208,
  "model": "backoffice.timezoneenum",
  "fields": {
    "name": "Antarctica/Syowa"
  }
},
{
  "pk": 209,
  "model": "backoffice.timezoneenum",
  "fields": {
    "name": "Antarctica/Troll"
  }
},
{
  "pk": 210,
  "model": "backoffice.timezoneenum",
  "fields": {
    "name": "Antarctica/Vostok"
  }
},
{
  "pk": 211,
  "model": "backoffice.timezoneenum",
  "fields": {
    "name": "Arctic/Longyearbyen"
  }
},
{
  "pk": 212,
  "model": "backoffice.timezoneenum",
  "fields": {
    "name": "Asia/Aden"
  }
},
{
  "pk": 213,
  "model": "backoffice.timezoneenum",
  "fields": {
    "name": "Asia/Almaty"
  }
},
{
  "pk": 214,
  "model": "backoffice.timezoneenum",
  "fields": {
    "name": "Asia/Amman"
  }
},
{
  "pk": 215,
  "model": "backoffice.timezoneenum",
  "fields": {
    "name": "Asia/Anadyr"
  }
},
{
  "pk": 216,
  "model": "backoffice.timezoneenum",
  "fields": {
    "name": "Asia/Aqtau"
  }
},
{
  "pk": 217,
  "model": "backoffice.timezoneenum",
  "fields": {
    "name": "Asia/Aqtobe"
  }
},
{
  "pk": 218,
  "model": "backoffice.timezoneenum",
  "fields": {
    "name": "Asia/Ashgabat"
  }
},
{
  "pk": 219,
  "model": "backoffice.timezoneenum",
  "fields": {
    "name": "Asia/Baghdad"
  }
},
{
  "pk": 220,
  "model": "backoffice.timezoneenum",
  "fields": {
    "name": "Asia/Bahrain"
  }
},
{
  "pk": 221,
  "model": "backoffice.timezoneenum",
  "fields": {
    "name": "Asia/Baku"
  }
},
{
  "pk": 222,
  "model": "backoffice.timezoneenum",
  "fields": {
    "name": "Asia/Bangkok"
  }
},
{
  "pk": 223,
  "model": "backoffice.timezoneenum",
  "fields": {
    "name": "Asia/Beirut"
  }
},
{
  "pk": 224,
  "model": "backoffice.timezoneenum",
  "fields": {
    "name": "Asia/Bishkek"
  }
},
{
  "pk": 225,
  "model": "backoffice.timezoneenum",
  "fields": {
    "name": "Asia/Brunei"
  }
},
{
  "pk": 226,
  "model": "backoffice.timezoneenum",
  "fields": {
    "name": "Asia/Chita"
  }
},
{
  "pk": 227,
  "model": "backoffice.timezoneenum",
  "fields": {
    "name": "Asia/Choibalsan"
  }
},
{
  "pk": 228,
  "model": "backoffice.timezoneenum",
  "fields": {
    "name": "Asia/Colombo"
  }
},
{
  "pk": 229,
  "model": "backoffice.timezoneenum",
  "fields": {
    "name": "Asia/Damascus"
  }
},
{
  "pk": 230,
  "model": "backoffice.timezoneenum",
  "fields": {
    "name": "Asia/Dhaka"
  }
},
{
  "pk": 231,
  "model": "backoffice.timezoneenum",
  "fields": {
    "name": "Asia/Dili"
  }
},
{
  "pk": 232,
  "model": "backoffice.timezoneenum",
  "fields": {
    "name": "Asia/Dubai"
  }
},
{
  "pk": 233,
  "model": "backoffice.timezoneenum",
  "fields": {
    "name": "Asia/Dushanbe"
  }
},
{
  "pk": 234,
  "model": "backoffice.timezoneenum",
  "fields": {
    "name": "Asia/Gaza"
  }
},
{
  "pk": 235,
  "model": "backoffice.timezoneenum",
  "fields": {
    "name": "Asia/Hebron"
  }
},
{
  "pk": 236,
  "model": "backoffice.timezoneenum",
  "fields": {
    "name": "Asia/Ho_Chi_Minh"
  }
},
{
  "pk": 237,
  "model": "backoffice.timezoneenum",
  "fields": {
    "name": "Asia/Hong_Kong"
  }
},
{
  "pk": 238,
  "model": "backoffice.timezoneenum",
  "fields": {
    "name": "Asia/Hovd"
  }
},
{
  "pk": 239,
  "model": "backoffice.timezoneenum",
  "fields": {
    "name": "Asia/Irkutsk"
  }
},
{
  "pk": 240,
  "model": "backoffice.timezoneenum",
  "fields": {
    "name": "Asia/Jakarta"
  }
},
{
  "pk": 241,
  "model": "backoffice.timezoneenum",
  "fields": {
    "name": "Asia/Jayapura"
  }
},
{
  "pk": 242,
  "model": "backoffice.timezoneenum",
  "fields": {
    "name": "Asia/Jerusalem"
  }
},
{
  "pk": 243,
  "model": "backoffice.timezoneenum",
  "fields": {
    "name": "Asia/Kabul"
  }
},
{
  "pk": 244,
  "model": "backoffice.timezoneenum",
  "fields": {
    "name": "Asia/Kamchatka"
  }
},
{
  "pk": 245,
  "model": "backoffice.timezoneenum",
  "fields": {
    "name": "Asia/Karachi"
  }
},
{
  "pk": 246,
  "model": "backoffice.timezoneenum",
  "fields": {
    "name": "Asia/Kathmandu"
  }
},
{
  "pk": 247,
  "model": "backoffice.timezoneenum",
  "fields": {
    "name": "Asia/Khandyga"
  }
},
{
  "pk": 248,
  "model": "backoffice.timezoneenum",
  "fields": {
    "name": "Asia/Kolkata"
  }
},
{
  "pk": 249,
  "model": "backoffice.timezoneenum",
  "fields": {
    "name": "Asia/Krasnoyarsk"
  }
},
{
  "pk": 250,
  "model": "backoffice.timezoneenum",
  "fields": {
    "name": "Asia/Kuala_Lumpur"
  }
},
{
  "pk": 251,
  "model": "backoffice.timezoneenum",
  "fields": {
    "name": "Asia/Kuching"
  }
},
{
  "pk": 252,
  "model": "backoffice.timezoneenum",
  "fields": {
    "name": "Asia/Kuwait"
  }
},
{
  "pk": 253,
  "model": "backoffice.timezoneenum",
  "fields": {
    "name": "Asia/Macau"
  }
},
{
  "pk": 254,
  "model": "backoffice.timezoneenum",
  "fields": {
    "name": "Asia/Magadan"
  }
},
{
  "pk": 255,
  "model": "backoffice.timezoneenum",
  "fields": {
    "name": "Asia/Makassar"
  }
},
{
  "pk": 256,
  "model": "backoffice.timezoneenum",
  "fields": {
    "name": "Asia/Manila"
  }
},
{
  "pk": 257,
  "model": "backoffice.timezoneenum",
  "fields": {
    "name": "Asia/Muscat"
  }
},
{
  "pk": 258,
  "model": "backoffice.timezoneenum",
  "fields": {
    "name": "Asia/Nicosia"
  }
},
{
  "pk": 259,
  "model": "backoffice.timezoneenum",
  "fields": {
    "name": "Asia/Novokuznetsk"
  }
},
{
  "pk": 260,
  "model": "backoffice.timezoneenum",
  "fields": {
    "name": "Asia/Novosibirsk"
  }
},
{
  "pk": 261,
  "model": "backoffice.timezoneenum",
  "fields": {
    "name": "Asia/Omsk"
  }
},
{
  "pk": 262,
  "model": "backoffice.timezoneenum",
  "fields": {
    "name": "Asia/Oral"
  }
},
{
  "pk": 263,
  "model": "backoffice.timezoneenum",
  "fields": {
    "name": "Asia/Phnom_Penh"
  }
},
{
  "pk": 264,
  "model": "backoffice.timezoneenum",
  "fields": {
    "name": "Asia/Pontianak"
  }
},
{
  "pk": 265,
  "model": "backoffice.timezoneenum",
  "fields": {
    "name": "Asia/Pyongyang"
  }
},
{
  "pk": 266,
  "model": "backoffice.timezoneenum",
  "fields": {
    "name": "Asia/Qatar"
  }
},
{
  "pk": 267,
  "model": "backoffice.timezoneenum",
  "fields": {
    "name": "Asia/Qyzylorda"
  }
},
{
  "pk": 268,
  "model": "backoffice.timezoneenum",
  "fields": {
    "name": "Asia/Rangoon"
  }
},
{
  "pk": 269,
  "model": "backoffice.timezoneenum",
  "fields": {
    "name": "Asia/Riyadh"
  }
},
{
  "pk": 270,
  "model": "backoffice.timezoneenum",
  "fields": {
    "name": "Asia/Sakhalin"
  }
},
{
  "pk": 271,
  "model": "backoffice.timezoneenum",
  "fields": {
    "name": "Asia/Samarkand"
  }
},
{
  "pk": 272,
  "model": "backoffice.timezoneenum",
  "fields": {
    "name": "Asia/Seoul"
  }
},
{
  "pk": 273,
  "model": "backoffice.timezoneenum",
  "fields": {
    "name": "Asia/Shanghai"
  }
},
{
  "pk": 274,
  "model": "backoffice.timezoneenum",
  "fields": {
    "name": "Asia/Singapore"
  }
},
{
  "pk": 275,
  "model": "backoffice.timezoneenum",
  "fields": {
    "name": "Asia/Srednekolymsk"
  }
},
{
  "pk": 276,
  "model": "backoffice.timezoneenum",
  "fields": {
    "name": "Asia/Taipei"
  }
},
{
  "pk": 277,
  "model": "backoffice.timezoneenum",
  "fields": {
    "name": "Asia/Tashkent"
  }
},
{
  "pk": 278,
  "model": "backoffice.timezoneenum",
  "fields": {
    "name": "Asia/Tbilisi"
  }
},
{
  "pk": 279,
  "model": "backoffice.timezoneenum",
  "fields": {
    "name": "Asia/Tehran"
  }
},
{
  "pk": 280,
  "model": "backoffice.timezoneenum",
  "fields": {
    "name": "Asia/Thimphu"
  }
},
{
  "pk": 281,
  "model": "backoffice.timezoneenum",
  "fields": {
    "name": "Asia/Tokyo"
  }
},
{
  "pk": 282,
  "model": "backoffice.timezoneenum",
  "fields": {
    "name": "Asia/Ulaanbaatar"
  }
},
{
  "pk": 283,
  "model": "backoffice.timezoneenum",
  "fields": {
    "name": "Asia/Urumqi"
  }
},
{
  "pk": 284,
  "model": "backoffice.timezoneenum",
  "fields": {
    "name": "Asia/Ust-Nera"
  }
},
{
  "pk": 285,
  "model": "backoffice.timezoneenum",
  "fields": {
    "name": "Asia/Vientiane"
  }
},
{
  "pk": 286,
  "model": "backoffice.timezoneenum",
  "fields": {
    "name": "Asia/Vladivostok"
  }
},
{
  "pk": 287,
  "model": "backoffice.timezoneenum",
  "fields": {
    "name": "Asia/Yakutsk"
  }
},
{
  "pk": 288,
  "model": "backoffice.timezoneenum",
  "fields": {
    "name": "Asia/Yekaterinburg"
  }
},
{
  "pk": 289,
  "model": "backoffice.timezoneenum",
  "fields": {
    "name": "Asia/Yerevan"
  }
},
{
  "pk": 290,
  "model": "backoffice.timezoneenum",
  "fields": {
    "name": "Atlantic/Azores"
  }
},
{
  "pk": 291,
  "model": "backoffice.timezoneenum",
  "fields": {
    "name": "Atlantic/Bermuda"
  }
},
{
  "pk": 292,
  "model": "backoffice.timezoneenum",
  "fields": {
    "name": "Atlantic/Canary"
  }
},
{
  "pk": 293,
  "model": "backoffice.timezoneenum",
  "fields": {
    "name": "Atlantic/Cape_Verde"
  }
},
{
  "pk": 294,
  "model": "backoffice.timezoneenum",
  "fields": {
    "name": "Atlantic/Faroe"
  }
},
{
  "pk": 295,
  "model": "backoffice.timezoneenum",
  "fields": {
    "name": "Atlantic/Madeira"
  }
},
{
  "pk": 296,
  "model": "backoffice.timezoneenum",
  "fields": {
    "name": "Atlantic/Reykjavik"
  }
},
{
  "pk": 297,
  "model": "backoffice.timezoneenum",
  "fields": {
    "name": "Atlantic/South_Georgia"
  }
},
{
  "pk": 298,
  "model": "backoffice.timezoneenum",
  "fields": {
    "name": "Atlantic/St_Helena"
  }
},
{
  "pk": 299,
  "model": "backoffice.timezoneenum",
  "fields": {
    "name": "Atlantic/Stanley"
  }
},
{
  "pk": 300,
  "model": "backoffice.timezoneenum",
  "fields": {
    "name": "Australia/Adelaide"
  }
},
{
  "pk": 301,
  "model": "backoffice.timezoneenum",
  "fields": {
    "name": "Australia/Brisbane"
  }
},
{
  "pk": 302,
  "model": "backoffice.timezoneenum",
  "fields": {
    "name": "Australia/Broken_Hill"
  }
},
{
  "pk": 303,
  "model": "backoffice.timezoneenum",
  "fields": {
    "name": "Australia/Currie"
  }
},
{
  "pk": 304,
  "model": "backoffice.timezoneenum",
  "fields": {
    "name": "Australia/Darwin"
  }
},
{
  "pk": 305,
  "model": "backoffice.timezoneenum",
  "fields": {
    "name": "Australia/Eucla"
  }
},
{
  "pk": 306,
  "model": "backoffice.timezoneenum",
  "fields": {
    "name": "Australia/Hobart"
  }
},
{
  "pk": 307,
  "model": "backoffice.timezoneenum",
  "fields": {
    "name": "Australia/Lindeman"
  }
},
{
  "pk": 308,
  "model": "backoffice.timezoneenum",
  "fields": {
    "name": "Australia/Lord_Howe"
  }
},
{
  "pk": 309,
  "model": "backoffice.timezoneenum",
  "fields": {
    "name": "Australia/Melbourne"
  }
},
{
  "pk": 310,
  "model": "backoffice.timezoneenum",
  "fields": {
    "name": "Australia/Perth"
  }
},
{
  "pk": 311,
  "model": "backoffice.timezoneenum",
  "fields": {
    "name": "Australia/Sydney"
  }
},
{
  "pk": 312,
  "model": "backoffice.timezoneenum",
  "fields": {
    "name": "Canada/Atlantic"
  }
},
{
  "pk": 313,
  "model": "backoffice.timezoneenum",
  "fields": {
    "name": "Canada/Central"
  }
},
{
  "pk": 314,
  "model": "backoffice.timezoneenum",
  "fields": {
    "name": "Canada/Eastern"
  }
},
{
  "pk": 315,
  "model": "backoffice.timezoneenum",
  "fields": {
    "name": "Canada/Mountain"
  }
},
{
  "pk": 316,
  "model": "backoffice.timezoneenum",
  "fields": {
    "name": "Canada/Newfoundland"
  }
},
{
  "pk": 317,
  "model": "backoffice.timezoneenum",
  "fields": {
    "name": "Canada/Pacific"
  }
},
{
  "pk": 318,
  "model": "backoffice.timezoneenum",
  "fields": {
    "name": "Europe/Amsterdam"
  }
},
{
  "pk": 319,
  "model": "backoffice.timezoneenum",
  "fields": {
    "name": "Europe/Andorra"
  }
},
{
  "pk": 320,
  "model": "backoffice.timezoneenum",
  "fields": {
    "name": "Europe/Athens"
  }
},
{
  "pk": 321,
  "model": "backoffice.timezoneenum",
  "fields": {
    "name": "Europe/Belgrade"
  }
},
{
  "pk": 322,
  "model": "backoffice.timezoneenum",
  "fields": {
    "name": "Europe/Berlin"
  }
},
{
  "pk": 323,
  "model": "backoffice.timezoneenum",
  "fields": {
    "name": "Europe/Bratislava"
  }
},
{
  "pk": 324,
  "model": "backoffice.timezoneenum",
  "fields": {
    "name": "Europe/Brussels"
  }
},
{
  "pk": 325,
  "model": "backoffice.timezoneenum",
  "fields": {
    "name": "Europe/Bucharest"
  }
},
{
  "pk": 326,
  "model": "backoffice.timezoneenum",
  "fields": {
    "name": "Europe/Budapest"
  }
},
{
  "pk": 327,
  "model": "backoffice.timezoneenum",
  "fields": {
    "name": "Europe/Busingen"
  }
},
{
  "pk": 328,
  "model": "backoffice.timezoneenum",
  "fields": {
    "name": "Europe/Chisinau"
  }
},
{
  "pk": 329,
  "model": "backoffice.timezoneenum",
  "fields": {
    "name": "Europe/Copenhagen"
  }
},
{
  "pk": 330,
  "model": "backoffice.timezoneenum",
  "fields": {
    "name": "Europe/Dublin"
  }
},
{
  "pk": 331,
  "model": "backoffice.timezoneenum",
  "fields": {
    "name": "Europe/Gibraltar"
  }
},
{
  "pk": 332,
  "model": "backoffice.timezoneenum",
  "fields": {
    "name": "Europe/Guernsey"
  }
},
{
  "pk": 333,
  "model": "backoffice.timezoneenum",
  "fields": {
    "name": "Europe/Helsinki"
  }
},
{
  "pk": 334,
  "model": "backoffice.timezoneenum",
  "fields": {
    "name": "Europe/Isle_of_Man"
  }
},
{
  "pk": 335,
  "model": "backoffice.timezoneenum",
  "fields": {
    "name": "Europe/Istanbul"
  }
},
{
  "pk": 336,
  "model": "backoffice.timezoneenum",
  "fields": {
    "name": "Europe/Jersey"
  }
},
{
  "pk": 337,
  "model": "backoffice.timezoneenum",
  "fields": {
    "name": "Europe/Kaliningrad"
  }
},
{
  "pk": 338,
  "model": "backoffice.timezoneenum",
  "fields": {
    "name": "Europe/Kiev"
  }
},
{
  "pk": 339,
  "model": "backoffice.timezoneenum",
  "fields": {
    "name": "Europe/Lisbon"
  }
},
{
  "pk": 340,
  "model": "backoffice.timezoneenum",
  "fields": {
    "name": "Europe/Ljubljana"
  }
},
{
  "pk": 341,
  "model": "backoffice.timezoneenum",
  "fields": {
    "name": "Europe/London"
  }
},
{
  "pk": 342,
  "model": "backoffice.timezoneenum",
  "fields": {
    "name": "Europe/Luxembourg"
  }
},
{
  "pk": 343,
  "model": "backoffice.timezoneenum",
  "fields": {
    "name": "Europe/Madrid"
  }
},
{
  "pk": 344,
  "model": "backoffice.timezoneenum",
  "fields": {
    "name": "Europe/Malta"
  }
},
{
  "pk": 345,
  "model": "backoffice.timezoneenum",
  "fields": {
    "name": "Europe/Mariehamn"
  }
},
{
  "pk": 346,
  "model": "backoffice.timezoneenum",
  "fields": {
    "name": "Europe/Minsk"
  }
},
{
  "pk": 347,
  "model": "backoffice.timezoneenum",
  "fields": {
    "name": "Europe/Monaco"
  }
},
{
  "pk": 348,
  "model": "backoffice.timezoneenum",
  "fields": {
    "name": "Europe/Moscow"
  }
},
{
  "pk": 349,
  "model": "backoffice.timezoneenum",
  "fields": {
    "name": "Europe/Oslo"
  }
},
{
  "pk": 350,
  "model": "backoffice.timezoneenum",
  "fields": {
    "name": "Europe/Paris"
  }
},
{
  "pk": 351,
  "model": "backoffice.timezoneenum",
  "fields": {
    "name": "Europe/Podgorica"
  }
},
{
  "pk": 352,
  "model": "backoffice.timezoneenum",
  "fields": {
    "name": "Europe/Prague"
  }
},
{
  "pk": 353,
  "model": "backoffice.timezoneenum",
  "fields": {
    "name": "Europe/Riga"
  }
},
{
  "pk": 354,
  "model": "backoffice.timezoneenum",
  "fields": {
    "name": "Europe/Rome"
  }
},
{
  "pk": 355,
  "model": "backoffice.timezoneenum",
  "fields": {
    "name": "Europe/Samara"
  }
},
{
  "pk": 356,
  "model": "backoffice.timezoneenum",
  "fields": {
    "name": "Europe/San_Marino"
  }
},
{
  "pk": 357,
  "model": "backoffice.timezoneenum",
  "fields": {
    "name": "Europe/Sarajevo"
  }
},
{
  "pk": 358,
  "model": "backoffice.timezoneenum",
  "fields": {
    "name": "Europe/Simferopol"
  }
},
{
  "pk": 359,
  "model": "backoffice.timezoneenum",
  "fields": {
    "name": "Europe/Skopje"
  }
},
{
  "pk": 360,
  "model": "backoffice.timezoneenum",
  "fields": {
    "name": "Europe/Sofia"
  }
},
{
  "pk": 361,
  "model": "backoffice.timezoneenum",
  "fields": {
    "name": "Europe/Stockholm"
  }
},
{
  "pk": 362,
  "model": "backoffice.timezoneenum",
  "fields": {
    "name": "Europe/Tallinn"
  }
},
{
  "pk": 363,
  "model": "backoffice.timezoneenum",
  "fields": {
    "name": "Europe/Tirane"
  }
},
{
  "pk": 364,
  "model": "backoffice.timezoneenum",
  "fields": {
    "name": "Europe/Uzhgorod"
  }
},
{
  "pk": 365,
  "model": "backoffice.timezoneenum",
  "fields": {
    "name": "Europe/Vaduz"
  }
},
{
  "pk": 366,
  "model": "backoffice.timezoneenum",
  "fields": {
    "name": "Europe/Vatican"
  }
},
{
  "pk": 367,
  "model": "backoffice.timezoneenum",
  "fields": {
    "name": "Europe/Vienna"
  }
},
{
  "pk": 368,
  "model": "backoffice.timezoneenum",
  "fields": {
    "name": "Europe/Vilnius"
  }
},
{
  "pk": 369,
  "model": "backoffice.timezoneenum",
  "fields": {
    "name": "Europe/Volgograd"
  }
},
{
  "pk": 370,
  "model": "backoffice.timezoneenum",
  "fields": {
    "name": "Europe/Warsaw"
  }
},
{
  "pk": 371,
  "model": "backoffice.timezoneenum",
  "fields": {
    "name": "Europe/Zagreb"
  }
},
{
  "pk": 372,
  "model": "backoffice.timezoneenum",
  "fields": {
    "name": "Europe/Zaporozhye"
  }
},
{
  "pk": 373,
  "model": "backoffice.timezoneenum",
  "fields": {
    "name": "Europe/Zurich"
  }
},
{
  "pk": 374,
  "model": "backoffice.timezoneenum",
  "fields": {
    "name": "GMT"
  }
},
{
  "pk": 375,
  "model": "backoffice.timezoneenum",
  "fields": {
    "name": "Indian/Antananarivo"
  }
},
{
  "pk": 376,
  "model": "backoffice.timezoneenum",
  "fields": {
    "name": "Indian/Chagos"
  }
},
{
  "pk": 377,
  "model": "backoffice.timezoneenum",
  "fields": {
    "name": "Indian/Christmas"
  }
},
{
  "pk": 378,
  "model": "backoffice.timezoneenum",
  "fields": {
    "name": "Indian/Cocos"
  }
},
{
  "pk": 379,
  "model": "backoffice.timezoneenum",
  "fields": {
    "name": "Indian/Comoro"
  }
},
{
  "pk": 380,
  "model": "backoffice.timezoneenum",
  "fields": {
    "name": "Indian/Kerguelen"
  }
},
{
  "pk": 381,
  "model": "backoffice.timezoneenum",
  "fields": {
    "name": "Indian/Mahe"
  }
},
{
  "pk": 382,
  "model": "backoffice.timezoneenum",
  "fields": {
    "name": "Indian/Maldives"
  }
},
{
  "pk": 383,
  "model": "backoffice.timezoneenum",
  "fields": {
    "name": "Indian/Mauritius"
  }
},
{
  "pk": 384,
  "model": "backoffice.timezoneenum",
  "fields": {
    "name": "Indian/Mayotte"
  }
},
{
  "pk": 385,
  "model": "backoffice.timezoneenum",
  "fields": {
    "name": "Indian/Reunion"
  }
},
{
  "pk": 386,
  "model": "backoffice.timezoneenum",
  "fields": {
    "name": "Pacific/Apia"
  }
},
{
  "pk": 387,
  "model": "backoffice.timezoneenum",
  "fields": {
    "name": "Pacific/Auckland"
  }
},
{
  "pk": 388,
  "model": "backoffice.timezoneenum",
  "fields": {
    "name": "Pacific/Bougainville"
  }
},
{
  "pk": 389,
  "model": "backoffice.timezoneenum",
  "fields": {
    "name": "Pacific/Chatham"
  }
},
{
  "pk": 390,
  "model": "backoffice.timezoneenum",
  "fields": {
    "name": "Pacific/Chuuk"
  }
},
{
  "pk": 391,
  "model": "backoffice.timezoneenum",
  "fields": {
    "name": "Pacific/Easter"
  }
},
{
  "pk": 392,
  "model": "backoffice.timezoneenum",
  "fields": {
    "name": "Pacific/Efate"
  }
},
{
  "pk": 393,
  "model": "backoffice.timezoneenum",
  "fields": {
    "name": "Pacific/Enderbury"
  }
},
{
  "pk": 394,
  "model": "backoffice.timezoneenum",
  "fields": {
    "name": "Pacific/Fakaofo"
  }
},
{
  "pk": 395,
  "model": "backoffice.timezoneenum",
  "fields": {
    "name": "Pacific/Fiji"
  }
},
{
  "pk": 396,
  "model": "backoffice.timezoneenum",
  "fields": {
    "name": "Pacific/Funafuti"
  }
},
{
  "pk": 397,
  "model": "backoffice.timezoneenum",
  "fields": {
    "name": "Pacific/Galapagos"
  }
},
{
  "pk": 398,
  "model": "backoffice.timezoneenum",
  "fields": {
    "name": "Pacific/Gambier"
  }
},
{
  "pk": 399,
  "model": "backoffice.timezoneenum",
  "fields": {
    "name": "Pacific/Guadalcanal"
  }
},
{
  "pk": 400,
  "model": "backoffice.timezoneenum",
  "fields": {
    "name": "Pacific/Guam"
  }
},
{
  "pk": 401,
  "model": "backoffice.timezoneenum",
  "fields": {
    "name": "Pacific/Honolulu"
  }
},
{
  "pk": 402,
  "model": "backoffice.timezoneenum",
  "fields": {
    "name": "Pacific/Johnston"
  }
},
{
  "pk": 403,
  "model": "backoffice.timezoneenum",
  "fields": {
    "name": "Pacific/Kiritimati"
  }
},
{
  "pk": 404,
  "model": "backoffice.timezoneenum",
  "fields": {
    "name": "Pacific/Kosrae"
  }
},
{
  "pk": 405,
  "model": "backoffice.timezoneenum",
  "fields": {
    "name": "Pacific/Kwajalein"
  }
},
{
  "pk": 406,
  "model": "backoffice.timezoneenum",
  "fields": {
    "name": "Pacific/Majuro"
  }
},
{
  "pk": 407,
  "model": "backoffice.timezoneenum",
  "fields": {
    "name": "Pacific/Marquesas"
  }
},
{
  "pk": 408,
  "model": "backoffice.timezoneenum",
  "fields": {
    "name": "Pacific/Midway"
  }
},
{
  "pk": 409,
  "model": "backoffice.timezoneenum",
  "fields": {
    "name": "Pacific/Nauru"
  }
},
{
  "pk": 410,
  "model": "backoffice.timezoneenum",
  "fields": {
    "name": "Pacific/Niue"
  }
},
{
  "pk": 411,
  "model": "backoffice.timezoneenum",
  "fields": {
    "name": "Pacific/Norfolk"
  }
},
{
  "pk": 412,
  "model": "backoffice.timezoneenum",
  "fields": {
    "name": "Pacific/Noumea"
  }
},
{
  "pk": 413,
  "model": "backoffice.timezoneenum",
  "fields": {
    "name": "Pacific/Pago_Pago"
  }
},
{
  "pk": 414,
  "model": "backoffice.timezoneenum",
  "fields": {
    "name": "Pacific/Palau"
  }
},
{
  "pk": 415,
  "model": "backoffice.timezoneenum",
  "fields": {
    "name": "Pacific/Pitcairn"
  }
},
{
  "pk": 416,
  "model": "backoffice.timezoneenum",
  "fields": {
    "name": "Pacific/Pohnpei"
  }
},
{
  "pk": 417,
  "model": "backoffice.timezoneenum",
  "fields": {
    "name": "Pacific/Port_Moresby"
  }
},
{
  "pk": 418,
  "model": "backoffice.timezoneenum",
  "fields": {
    "name": "Pacific/Rarotonga"
  }
},
{
  "pk": 419,
  "model": "backoffice.timezoneenum",
  "fields": {
    "name": "Pacific/Saipan"
  }
},
{
  "pk": 420,
  "model": "backoffice.timezoneenum",
  "fields": {
    "name": "Pacific/Tahiti"
  }
},
{
  "pk": 421,
  "model": "backoffice.timezoneenum",
  "fields": {
    "name": "Pacific/Tarawa"
  }
},
{
  "pk": 422,
  "model": "backoffice.timezoneenum",
  "fields": {
    "name": "Pacific/Tongatapu"
  }
},
{
  "pk": 423,
  "model": "backoffice.timezoneenum",
  "fields": {
    "name": "Pacific/Wake"
  }
},
{
  "pk": 424,
  "model": "backoffice.timezoneenum",
  "fields": {
    "name": "Pacific/Wallis"
  }
},
{
  "pk": 425,
  "model": "backoffice.timezoneenum",
  "fields": {
    "name": "US/Alaska"
  }
},
{
  "pk": 426,
  "model": "backoffice.timezoneenum",
  "fields": {
    "name": "US/Arizona"
  }
},
{
  "pk": 427,
  "model": "backoffice.timezoneenum",
  "fields": {
    "name": "US/Central"
  }
},
{
  "pk": 428,
  "model": "backoffice.timezoneenum",
  "fields": {
    "name": "US/Eastern"
  }
},
{
  "pk": 429,
  "model": "backoffice.timezoneenum",
  "fields": {
    "name": "US/Hawaii"
  }
},
{
  "pk": 430,
  "model": "backoffice.timezoneenum",
  "fields": {
    "name": "US/Mountain"
  }
},
{
  "pk": 431,
  "model": "backoffice.timezoneenum",
  "fields": {
    "name": "US/Pacific"
  }
},
{
  "pk": 432,
  "model": "backoffice.timezoneenum",
  "fields": {
    "name": "UTC"
  }
},
{
  "pk": 1,
  "model": "backoffice.timezone",
  "fields": {
    "timezone": 350,
    "user": 1
  }
}
]
